Mã hàng	ĐVT	Tên hàng
02-61860-00	Cái	Dây dẫn dung dịch kèm van máy Count/Calibur
1701	Cái	Máy ly tâm đa năng để bàn
17544202	Chai	FILCOLL PAQUE PREMIUM
1798	Cái	Rotor góc 4 vị trí
2000E7D	Cái	SMART SITE NEEDLE-FREE VALVE
20012027	Chai	PBS, pH 7.2
20019E7DS	Cái	Dây nối chữ Y 24 cm
20038E7DS	Cái	SmartSite 3 dây
20039E7D	Cái	SmartSite Extension Set One Needle Free Valve
20039E7DS	Cái	SmartSite Extension Set One Needle Free Valve
211438	Chai	Bottle Mueller Hinton II Agar 500G
211462	Chai	Bottle Mycosel Agar 500G
211720	Chai	BBL Thioglycollate Medium
212240	Hộp	Bottle Middlebrook OADC 100ml 6 Ea
212322	Chai	BBL Mueller Hinton II Broth
212354	Hộp	BBL™ Viatamin K₁ - Hemin Solution
212519	Hộp	BD BBL™ TB Fluorescent Stain Kit M
212961	Chai	Bottle Chromagar  candida 500mg
214010	Chai	Bottle Difco Agar 454G
215348	Lọ	Kanamycin Sulfate
215349	Lọ	Moxifloxacin Hydrochloride
215350	Lọ	Amikacin
215351	Lọ	Capreomycin Sulfate
215449	Lọ	Vial Bedaquiline 170 ug LUO
220217	Hộp	BD Difco™ Disposable Inoculating Loops Light Blue 10µl (20x50 loops)
220502	Hộp	Tube LJ W/Pact And Glycerol 100 Ea
220909	Hộp	BBL Prepared Culture Media (BBL Lowenstein-Jensen Medium)
231251	Ống	BD BBL™ Sensi-Disc™ Minocycline MIN-30, 10 Ea
231264	Ống	Disc Ampicillin Am-10 10 Ea
231274	Ống	Disc Chloramphenicol C-30 10 Ea
231275	Ống	Disc Clindamycin Cc-2 10 Ea
231278	Ống	BD BBL™ Sensi-Disc Colistin - 10 µg
231286	Ống	Disc Doxycycline D-30 10 Ea
231290	Ống	Disc Erythromycin E-15 10 Ea
231293	Ống	Disc Nitrofurantoin F/N-300 10 Ea
231299	Ống	Disc Gentamicin Gm-10 10 Ea
231319	Ống	Disc Oxacillin Ox-1 10 Ea
231321	Ống	Disc Penicillin P-10 10 Ea
231353	Ống	Disc Vancomycin Va-30 10 Ea
231539	Ống	Disc Sulfamethoxazole W/Trim Sxt 10 Ea
231544	Ống	BD BBL™ Sensi-Disc™ Rifampin RA-5, 10 Ea
231591	Ống	Disc Cefoxitin Fox-30 10 Ea
231593	Ống	BD BBL™ Sensi-Disc™ Cefazolin CZ-30, 10 Ea
231597	Ống	Disc Amikacin An-30 10 Ea
231601	Ống	BD BBL™ Sensi-Disc™ Trimethoprim TMP-5, 10 Ea
231607	Ống	Disc Cefotaxime Ctx-30 10 Ea
231621	Ống	Disc Cefuroxime Cxm-30 10 Ea
231629	Ống	BD BBL™ Sensi-Disc™ Amoxicillin with Clavulanic Acid AMC-30, 10 Ea
231633	Ống	Disc Ceftazidime Caz-30 10 Ea
231635	Ống	BD BBLTM Sensi- DiscTM Ceftriaxone - 30μg
231641	Ống	BD BBL™ Sensi-Disc™ Aztreonam ATM-30, 10 Ea
231645	Ống	Disc Imipenem Ipm-10 10 Ea
231647	Ống	Disc Norfloxacin Nor-10 10 Ea
231649	Ống	Disc Ticarcillin/Clavulanic Tim-85 10 Ea
231658	Ống	Disc Ciprofloxacin Cip-5 10 Ea
231660	Ống	BD BBL™ Sensi-Disc™ Ampicillin with Sulbactam SAM-20, 10 Ea
231682	Ống	Disc Azithromycin Azm-15 10 Ea
231692	Ống	Disc Piperacillin/Tazobactam Tzp110 10Ea
231696	Ống	Disc Cefepime Fep-30 10 Ea
231704	Ống	Disc Meropenem Mem-10 10 Ea
231706	Ống	Disc Levofloxacin Lvx-5 10 Ea
231754	Ống	Disc Ceftazidime/Clavulanic 10 Ea
231755	Ống	Disc Fosfomycin Fos-200 10Ea
231758	Ống	BD BBL™ Sensi-Disc™ Moxifloxacin MXF-5, 10 Ea
231762	Ống	BD BBL™ Sensi-Disc™ Linezolid LZD-30, 10 Ea
231971	Lọ	Vial Novobiocin Supplement 6x10ml
232175	Ống	BD Sensi-Disc™ Ertapenem ETP-10, 10 Ea
232208	Ống	BD Sensi-Disc™ Tigecycline TGC-15, 10 Ea
240863	Bộ	BD BBL MycoPrep Kit
245115	Hộp	BACTEC MGIT 960 PZA Susceptibility Test Medium
245116	Hộp	BBL MGIT OADC
245122	Hộp	BBL MGIT Mycobacteria Growth Indicator Tubes (7 mL)
245123	Hộp	BACTEC MGIT 960 SIRE Kit
245124	Hộp	BACTEC MGIT 960 Supplement Kit
245128	Hộp	BACTEC MGIT 960 PZA Kit
245159	Hộp	MGIT TBc Identification Test
246001	Hộp	Phoenix ID Broth
246003	Hộp	Phoenix AST Broth
246004	Lọ	Phoenix AST Indicator Solution
246007	Lọ	Phoenix AST-S Broth
246009	Lọ	Phoenix AST-S Indicator Solution
260002	Bộ	BD GasPakTM EZ  Small Incubation  Container
260671	Hộp	GasPakTM EZ  Standard Incubation  Container
260672	Bộ	BD GasPak EZ Large Incubation Container
260678	Hộp	GasPak EZ Anaerobe Container System Sachets
260680	Hộp	Sachet Gaspak EZ Campy Container
260683	Hộp	Pouch GasPack EZ Anaerobe
260685	Hộp	Gaspak EZ Campy System
261181	Hộp	Dropper Oxidase
262710	Chai	Bottle Middlebrook 7H10 Agar 500G
271310	Chai	BD DIFCO™ Middlebrook 7H9 Broth 500g
2720-12	Cái	Bình đựng xà phòng rửa tay diệt PURELL TFX 1200ml
2740-12	Cái	Bình đựng xà phòng rửa tay diệt khuẩn GOJO TFX 1200ml
301747	Cái	Kim lấy máu đốc trong cỡ 22G
306573	Cái	Bơm nước muối 3ml
306574	Cái	Bơm nước muối 5ml
306575	Cái	Bơm nước muối 10ml
320470	Cái	BD Micro-Fine+ Pen Needles 31GX5MM
320477	Cái	BD Ultra- Fine Pen Needles 32GXmm
320566	Cái	BD Ultra-Fine PRO Pen Needles 0.23mm (32G) x 4mm
323 015DN	Cái	Trilucath - 5,5F - 13 cm
323 015DNY	Cái	Trilucath - 5,5F - 13 cm 3lumen CVC Kit
323 017DN	Cái	Trilucath - 7 F - 16 cm 3lumen CVC Kit with blade, Niti-GW
323 017DNY	Cái	Trilucath - 7 F - 16 cm 3lumen CVC Kit with blade, Niti-GW, Y needle
323 027DN	Cái	Trilucath - 7 F - 20 cm 3lumen CVC Kit
323 027DNY	Cái	Trilucath - 7 F - 20 cm 3lumen CVC Kit
324900	Cái	BD ULTRA-FINE™ INSULIN SYRINGE WITH STERILE INTERIOR
324901	Cái	BD ULTRA-FINE™ INSULIN SYRINGE WITH STERILE INTERIOR
324903	Cái	BD ULTRA-FINE™ INSULIN SYRINGE WITH STERILE INTERIOR
326674	Cái	BD Ultra- Fine Insulin Sringes 6MM (1mL)
326675	Cái	BD ULTRA-FINE™ INSULIN SYRINGES 6MM (0.25 mL)
326702	Cái	BD Ultra- Fine II Short Needle Insulin Syringe (100Ul/1.0ML, 30GX8MM)
326725	Cái	BD Ultra-Fine II Short Needles Insulin Syringe (100UI/0.5ML, 30GX8MM)
328818	Cái	BD Ultra-Fine II Short Needles Insulin Syringe (100UI/1.0ML, 30GX8MM, 10BAG)
328838	Cái	BD Ultra-Fine II Short Needles Insulin Syringe (100UI/0.3ML, 30GX8MM)
328868	Cái	BD Ultra-Fine II Short Needles Insulin Syringe (100UI/0.5ML, 30GX8MM)
331 208HDNY	Cái	Venoseld 18 G - 20 cm 1lumen CVC Kit
332 014SDNY	Cái	Doucath - 4 F - 10 cm
332 015S1DN	Cái	Doucath - 5 F - 13 cm
332 015S1DNY	Cái	Doucath - 5 F - 13 cm
332 017DN	Cái	Doucath - 7 F - 15 cm 2lumen CVC Kit
332 017DNY	Cái	Doucath - 7 F - 15 cm 2lumen CVC Kit
332 027DN	Cái	Doucath - 7 F - 20 cm 2lumen CVC Kit
332 027DNY	Cái	Doucath - 7 F - 20 cm 2lumen CVC Kit
332 084DN	Cái	Doucath - 4 F - 8 cm
332 084DNY	Cái	Doucath - 4 F - 8 cm 2lumen CVC Kit
33206007	Cái	Bảng điều khiển Fluidic máy Canto/Canto II
33206210	Cái	Bảng điều khiển đường dịch máy Canto II
332771	Lọ	CD3 (SK7) PerCP Cy (TM) 5.5
332773	Lọ	CD7 (M-T701) FITC
332774	Lọ	CD7 (M-T701) PE
332776	Lọ	CD10 PE HI10A CE
332777	Lọ	CD10 APC HI10A CE
332778	Lọ	CD15 FITC CE
332779	Lọ	CD16 PE CE
332784	Lọ	CD45 (2D1) PerCP- CyTM5.5
332786	Lọ	FMC-7 FITC CE
332789	Lọ	Anti-Tdt (E17-1519) FITC
332791	Lọ	Anti-Tdt (E17-1519) APC
33304507	Cái	Đầu nối loại nhỏ dùng để cắm phin lọc máy Canto II
33304607	Cái	Đầu nối loại to dùng để cắm phin lọc máy Canto II
33307207	Cái	Đầu nối phin lọc máy Canto II
333138	Lọ	Anti-MPO (5B8) FITC
333140	Lọ	Anti-TCR A/B FITC CE
333141	Lọ	Anti-TCR-1 Gamma/Delta PE CE
333143	Lọ	Cd11B (D12) APC CE
333144	Lọ	CD11c APC CE
333145	Lọ	CD22 APC CE
333147	Lọ	CD41a FITC HIP8 CE
333151	Lọ	CD71 FITC LO1.1 CE
333152	Lọ	CD79a PE CE
333155	Lọ	CD103 FITC CE
333167	Lọ	CD1a PE CE
333169	Lọ	CD57 FITC CE
333233	Lọ	CD117 APC CE
333951	Lọ	CD14 (MoP9) APC-Cy (TM) 7
334 028DNY	Cái	Quadrocath - 8,5 F - 20 cm
334044	Cái	Check Valve Waste
334224	Thùng	FACS Shutdown Solution
334914	Cái	Cảm biến bình Sheat máy Canto/Canto II
33566307	Cái	Bộ filter máy Canto/Canto II
335683	Cái	Pinhole Alignment Tool
335775	Test	FACS 7-Color Setup Beads 25 Test
335821	Lọ	CD2 PE-Cy7 CE
335824	Lọ	CD25 (2A3) PE-Cy(TM) 7
335826	Lọ	CD56 PE-Cy7
335830	Lọ	ANTI-HLA-DR PE-Cy7 CE
336403	Cái	Alignment Microscope Spacer
336488	Cái	Máy nén khí
336945	Cái	Quả lọc Buble
337166	Hộp	BD Multitest 6-Color TBNK Kit W/Trucount
337592	Cái	WIRE 005 DIAX7.3INL 316 VMSS
337898	Lọ	CD22 FITC CE
337899	Lọ	CD22 PE CE
338922	Bộ	Nắp cho buồng thải
338960	Bộ	BD FACSCanto II Cytometer 4/2 System IVD
338978	Cái	Cảm biến máy Canto/Canto II (7-Pin)
338979	Cái	Cảm biến máy Canto/Canto II (6-Pin)
339074	Bộ	Cable FSC máy Canto II
339217	Lọ	CD117 (104D2)PE- CyTM7
339637	Bộ	Đầu nối dùng để cắm cảm biến bình sheat máy Canto / Canto II
339638	Cái	Đầu nối dùng để cắm cảm biến bình thải máy Canto / Canto II
340183	Hộp	HLA-B27 Kit Tests IVD
340334	Hộp	Trucount Absolute Counting Tubes US IVD
340345	Thùng	BD FACS Clean Solution 5L
340410	Lọ	CD56 FITC NCAM16.2 50 Test RUO/GMP
340437	Lọ	CD19 APC SJ25C1 100 Test RUO/GMP
340495	Hộp	Quantibrite PE Beads 10 Tubes
340499	Lọ	Multitest CD3/CD8/CD45/CD4 50 Tests IVD
340500	Lọ	Multitest CD3/CD16+CD56/CD45/CD19 IVD
340533	Lọ	CD33 FITC P67.6 50 Test RUO/GMP
340545	Lọ	CD123 PE 9F5 50 Test RUO/GMP
340768	Lọ	Quantibrite CD64 PE/CD45 PerCP MD22/2D1
340827	Lọ	Quantibrite HLA-DR PE/Mono PerCP-Cy5.5
340909	Lọ	CD38 (HB-7) FITC
340925	Lọ	CD10 FITC HI10a 50 Test RUO/GMP
340991	Hộp	BD Stem Cell Control Kit: 2 x 2mL (1-CD34+Low, 1-CD34+High)
341027	Lọ	CD56 (NCAM 16.2) APC
341091	Lọ	CD3 PE-Cy7 SK7 100 Test RUO/GMP
341108	Lọ	Anti-Kappa APC CE
341109	Lọ	CD5 PerCP-Cy5.5 CE
341113	Lọ	CD 19 PE-Cy7 CE
341650	Lọ	CD33 PerCP-Cy5.5 P67.6 50 Test RUO/GMP
342003	Thùng	BD FACSFlow Sheath Fluid 20L
34334637	Cái	PCB Assembly Fluidics Driver Service
343508	Cái	Đầu nối 1/16 máy Canto/Canto II
343509	Cái	Vòng đệm Flowcell cho máy Canto/CantoII/Calibur
343528	Cái	Gioăng 1/8 máy Calibur/Canto/Canto II
343618	Cái	Gioăng cho đầu ngắt kết nối
34363910	Bộ	Bộ bảo dưỡng Scan/Sort/Calib/LSR máy Calibur, code cũ: 343639
343663	Cái	Gioăng cao su máy Calibur
343835	Cái	Dây cảm biến máy mực nước Aria
344563	Hộp	Stem Cell Enumeration Kit 50 Test
344867	Cái	Cảm biến nhận diện ống mẫu máy Canto II
345763	Lọ	CD3 (SK7)FITC
345774	Lọ	CD8 PerCP SK1 CE
345775	Lọ	CD8 (SK 1) APC
345781	Lọ	CD5 FITC L17F12 CE
345783	Lọ	CD5 APC L17F12 CE
345784	Lọ	CD14 (MΦP9) FITC
345786	Lọ	CD14 PerCP MOP9 CE
345787	Lọ	CD14 APC MOP9 CE
345789	Lọ	CD19 PE SJ25C1 CE
345792	Lọ	CD20 FITC L27 CE
345793	Lọ	CD20 PE L27 CE
345794	Lọ	CD20 PerCP L27 CE
345800	Lọ	CD33 APC P67.6 CE
345807	Lọ	CD38 APC HB-7 CE
345809	Lọ	CD45 PerCP 2D1 CE
345810	Lọ	CD56 PE MY31 CE
346410	Cái	Đầu nối bộ làm khô không khí xe dịch máy Canto
347215	Lọ	CD138 (MI15) PE
347222	Lọ	CD34 PerCP-Cy5.5 50 Test
347240	Lọ	Red Nile Reference Beads 2.49um
347241	Lọ	Blue Reference Beads 6.0um
347246	Lọ	Anti-Kappa PE CE
347247	Lọ	Anti-Lambda FITC CE
347406	Lọ	CD13 PE CE
347407	Lọ	CD61 FITC CE
347463	Lọ	CD45 FITC 2D1 100 Tests RUO/GMP
347543	Lọ	CD19 FITC 4G7 100 Tests RUO/GMP
347568	Cái	Laser Alignment Pin
347674	Lọ	CD20 PerCP L27 100 Tests RUO/GMP
348053	Lọ	CD34 FITC 8G12 100 Tests RUO/GMP
348809	Lọ	CD4 (SK3) PE-Cy(TM) 7
348813	Lọ	CD8 APC-Cy7 CE
348815	Lọ	CD45 APC-Cy7 CE
349202	Hộp	FACS Lysing Solution 10X 100ML IVD
349532	Cái	Switch áp xuất máy Calibur/Count
349700	Hộp	BD™ Multi-Check Control
349703	Hộp	BD™ Multi-Check CD4 Low Control
352054	Ống	Falcon 5mL, đáy tròn, Polystyrene Cap
360211	Cái	Kim đốc đục
360213	Cái	BD Vacutainer®
362753	Ống	BD Vacutainer® CPT™ Mononuclear Cell Preparation Tube - Sodium Heparin
362760	Ống	TUBE CPTCIT GC 13x100 4.0 MLBL BL/BLK
362761	Ống	TUBE CPTCIT GC 16x125 8.0 MLBL BL/BLK
363080	Ống	Ống nghiệm chân không chống đông Citrate 3,2% 1,8ml
363083	Ống	Ống nghiệm chân không chống đông Citrate 3,2% 2,7ml
364356	Cái	Bơm tiêm khí máu động mạch - BD Drihep A-line Syringe 1ml SYR ABG ALINE 1(.6) S/T CE
364376	Cái	Xylanh lấy máu động mạch 3ml không có chế độ tự động hút máu (loại không có kim)
364413	Cái	Xylanh lấy máu động mạch 1ml có chế độ tự động hút máu (có kim cỡ 23G)
364415	Cái	Xylanh lấy máu động mạch 1ml có chế độ tự động hút máu (có kim cỡ 25G)
364606	Ống	TUBE ACD GC 16X100 8.5 PLBL YEL
364815	Cái	HOLDER ONE USE NONSTACKABLE
364879	Cái	Vacutainer Standard Yellow Holder
365963	Ống	Ống nghiệm Serum 0,5ml
365965	Ống	Ống nghiệm Lithium Heparin 0,5ml
365974	Ống	Microtainer Tubes with K2E (K2EDTA)
366430	Ống	Vacutainer® Venous Blood Collection Tube Plain 10 mL Conventional Closure Glass Tube
366594	Ống	BD Microtainer Contact-Activated Lancet 2.0 mm x 1.5 mm
367203	Sợi	Vacutainer Brand STRETCH Latex Free Tourniquet
367281	Cái	Vacutainer Safety-Lok Blood Collection Set (21G)
367283	Cái	Vacutainer Safety-Lok Blood Collection Set (23G)
367285	Cái	Vacutainer Safety-Lok Blood Collection Set (25G)
367290	Cái	Vacutainer Multiple Sample Luer Adapter
367292	Cái	WINGSET SLBCS 23X.75 7LUER
367525	Ống	Tube EDTA PLH 16x100 10.0 PLBLCE LAV
367526	Ống	BD Vacutainer LH 170 I.U. Plus Blood Collection Tubes
367587	Ống	BD Vacutainer Sodium Fluoride: 3mg. Na2 EDTA: 6mg Blood Collection Tubes
367812	Ống	Ống nghiệm chân không BD Vacutainer® serum 4ml
367815	Ống	BD Vacutainer® Plus Plastic Serum Blood Collection Tubes for Serum Determination, 13 x 100mm, 6mL Draw Volume, Paper Label and Red Hemogard™ Closure
367841	Ống	Ống nghiệm chân không BD Vacutainer® EDTA 2ml
367856	Ống	BD Vacutainer® Venous Blood Collection Tube K2 EDTA Additive 3 mL BD Hemogard™ Closure Plastic Tube
367861	Ống	Ống nghiệm chân không EDTA K2 4ml
367863	Ống	Ống nghiệm chân không EDTA K2 6ml
367874	Ống	TUBE NAHEP PLC 16X100 10.0 PLBL GN
367880	Ống	TUBE LIHEP PLC 16X100 10.0 PLBL GN
367884	Ống	Ống nghiệm chân không Lithium Heparin 4ml
367896	Ống	Ống nghiệm chân không Serum 10ml
367921	Ống	Ống nghiệm chân không Glucose 2ml
367922	Ống	Ống nghiệm chân không Glucose 4ml
367953	Ống	Tube SST II PLH 16x100 8.5 PLBL CE GLD
367957	Ống	BD Vacutainer SST II Advance Plus Blood Collection Tubes
367986	Ống	BD Vacutainer® SST™ Blood Collection Tubes
368101	Cái	Lancet lấy máu quikheel
368608	Cái	NEEDLE ECLIPSE 22X1.25
368872	Cái	Vacutainer Pronto Quick Release Needle Holder
3691-12	Chai	Gel rửa tay diệt khuẩn PURELL 354ml
380100331	Cái	Rovers® Cervex-Brush® sterile 100 pcs
381312	Cái	Insyte-W (24GA) (0.75 IN)
382412	Cái	Angiocath Plus (24GA)
382423	Cái	Angiocath Plus (22GA)
382434	Cái	Angiocath Plus (20GA) (1.16 IN) (1.1mm x 30mm)
382437	Cái	Angiocath Plus (20GA) (1.88 IN) (1.1mm x 48mm)
382444	Cái	Angiocath Plus (18GA)
382912	Cái	Insyte Autoguard BC Pro Winged (24GA)
382923	Cái	Insyte Autoguard BC Pro Winged (22GA)
382933	Cái	Insyte Autoguard BC Pro Winged (20GA)
382944	Cái	Insyte Autoguard BC Pro Winged (18GA) 1.16IN
383531	Cái	NEXIVA 24GA 0.75IN Y
383532	Cái	NEXIVA 22GA 1.00IN Y
383537	Cái	NEXIVA 20GA 1.25IN HF Y
383641	Cái	BD NEXIVA 24G
383642	Cái	BD NEXIVA 22G
383647	Cái	BD NEXIVA 20G (1.25 IN)
383648	Cái	BD NEXIVA 20G (1.75 IN) (1.1 x 45 mm)
383649	Cái	BD NEXIVA 18G (1.25 IN)
383650	Cái	BD NEXIVA 18G (1.75 IN)
385100	Cái	Q-STYLE CLOSED LUER ACCESS DEVICE
388000	Cái	BD Gravity IV Set With ARD Technology and Auto Prime
388002	Cái	BD Gravity IV Set With ARD Technology and Auto Prime Bộ dây truyền dịch an toàn có đầu nối không kim
391380	Cái	Neoflon Pro (24GA)
391891	Cái	Venflon I 22GA 0.8mm x 25mm Global
391892	Cái	Venflon I 20GA 1.0mm x 32mm Global
391893	Cái	Venflon I 18GA 1.2mm x 45mm Global
393222	Cái	Venflon Pro Safety (22GA)
393224	Cái	Venflon Pro Safety (20GA)
393227	Cái	Venflon Pro Safety (18GA)
394600	Cái	Chạc ba dịch truyền Connecta không dây
394995	Cái	Chạc ba dịch truyền Connecta có dây
4041E	Cái	Bơm tiêm khí máu động mạch tráng sẵn heparin, Line Draw, Dry Heparin, 1CC
4042E	Cái	Bơm tiêm khí máu động mạch tráng sẵn heparin, Line Draw, Dry Heparin, 3CC
405248	Cái	Spinal Needle (18GA)
405257	Cái	Spinal Needle (25GA)
405259	Cái	Spinal Needle (27GA)
437519	Hộp	BD PCR Cartridges
440034	Gói	Drive Belt 9050 Dây Curoa
440038	Gói	Membrane Switch Bactec 9050 Bàn phím điều khiển kèm cáp kết nối
440047	Cái	Mô tơ bước cho máy MGIT 960
440050	Cái	DUAL CHAIN MGIT SPARE
440053	Cái	Bo điều khiển bộ ra nhiệt Mgit 960
440054	Cái	SET OF SLIDES DRAWER MGIT 960 SPARE
440330	Thùng	Pipette Tips (CO-RE II) 1000 uL Conductive Filtered
4405896	Bộ	DRAWER SENSOR BOARD
4405902	Cái	Nguồn 5v/15v
4406	Cái	SURGICAL CLIPPER BLADE-GENERAL USE
440774	Cái	Bo cảm biến máy Mgit 960
440776	Cái	Bảng cảm biến nhiệt độ Mgit 960
440777	Cái	Bo nguồn máy Mgit 960
440825	Gói	QUICK REFERENCE GUIDE BACTEC FX REVISION 07
440910	Cái	PhoenixSpec™ Nephelometer Máy đo độ đục BD PhoenixSpec™
440911	Hộp	PhoenixSpec Calibrator Kit Bộ chuẩn máy đo độ đục BD PhoenixSpec™
441183	Cái	BD Viper Thermal Verification Tool
441306	Bộ	Bộ mô tơ rung máy FX
441320	Cái	COUPLING SLEEVE FLEX BFX SPARE
441341	Cái	HANDLE DRAWER A/D BFX SPARE
441342	Cái	HANDLE DRAWER B/C BFX SPARE
441354	Hộp	Viper System Neutralization Pouch
441364	Cái	Đầu đọc mã vạch máy Mgit 960
441370	Hộp	BACTEC Digital Thermometer
441385	Cái	BD BACTEC FX-Top
441387	Hộp	KIT COUNTERWEIGHT BFX
441427	Gói	MANUAL BACTEC FX PACKAGED REVISION# 10
441442	Cái	SET KEY SERVICE SWITCH PACKAGED
441458	Cái	Bo điều khiển mo tơ blower máy FX
441459	Cái	Màn hình LCD máy FX
441460	Cái	Bo điều khiển Drawer máy FX
441468	Bộ	Bộ khóa cài máy FX
441476	Bộ	Calibration Verification Kit BFX SPARE
441479	Bộ	BYPASS TOOL DRAWER PASSIVE LOCK BFX
441735	Cái	Module điều khiển hệ thống BFX
441772	Hộp	BD MAX GBS
441842	Cái	KIT DISPLAY AND ELECTRONICS MOD MGIT 960
441912	Cái	LLS STRIPPER ASSY Z GANTRY MAX6 SPARE
441954	Cái	CONTROL ELECTRONICS MODULE MGIT960 SPARE
441959	Cái	TEST TOOL GAUS METER EXT VPRLT SPARE
441980	Gói	USERS MANUAL FX40 PACKAGED
441992	Hộp	Tube Fox Extraction PCR
441993	Hộp	Control Set for the BD Onclarity HPV Assy
442017	Chai	BACTEC Mycosis IC/F Culture Vials (Plastic)
442020	Chai	BACTEC Peds Plus/F Culture Vials
442021	Chai	BACTEC Lytic/10 Anaerobic/F Culture Vials
442023	Chai	BACTEC Plus Aerobic/F Culture Vials (Chai cấy máu hiếu khí người lớn)
442288	Chai	BACTEC Myco/F Lytic Culture Vials (40 mL)
442296	Cái	BACTEC FX40 INSTRUMENT
442299	Hộp	Install Kit Bactec FX 40 Instrument
442555	Hộp	Kit BD Max Cdiff EU
442794	Chai	Bactec Plastic Myco/F Lytic Medium
442818	Hộp	Kit BD Max ExK DNA-1 EU LUO
442819	Hộp	Kit BD Max ExK DNA-2 USA
442821	Hộp	Kit BD Max ExK DNA-3 USA
442827	Hộp	Kit BD Max ExK TNA-3
442840	Hộp	Onclarity HPV Liquid Based Cytology Specimen (LBC) Diluent Tubes
442841	Máng	Viper PCR Extraction Reagent Trough with Piercing Tool
442946	Hộp	Onclarity HPV Assay Reagent Pack
442960	Hộp	Kit BD Max Enteric Parasite Panel
442963	Hộp	Kit BD Max Enteric Bacterial Panel
442967	Bộ	Kit Accessory PCR Viper LT
442968	Hộp	Waste Bag
443032	Hộp	FLOWMETER 40 TO 600 CCM FEA SPARE
443047	Hộp	DENSITY REAGENT PUMP FEA SPARE
443051	Hộp	ELEVATOR INTERCONNECT BOARD FEA SPARE
443066	Cái	PBA CPU AVALUE BCM QM57 FEA SPARE
443067	Cái	PINCH VALVE DR LOOP HARNESS FEA SPARE
443083	Cái	USB HUB CIRCUIT BOARD FEA SPARE
443113	Cái	CABLE ULTRASONIC SENSOR FEA SPARE
443138	Hộp	CENTRIFUGE CENTER TEACH TOOL FEA SPARE
443139	Hộp	PROCESS DECK TEACH TOOL FEA SPARE
443161	Cái	PCA USB AND COM HUB VPRLT SPARE
443189	Cái	Bộ nguồn 300W
443190	Cái	Bộ nguồn đầu cuối 48VDC
443191	Hộp	MOTOR X-AXIS AND Z-AXIS FEA SPARE
443196	Cái	Pipette Head 1ml HAM VPRLT Spare
443197	Cái	PIPETTE CHANNEL A ASSY HAM VPRLT SPARE
443208	Cái	Cảm biến vị trí
443217	Cái	Board giao diện
443219	Cái	Bộ nguồn 42v 600W
443224	Cái	PROG PCB ASSY DOOR LOCK HAM VPRLT SPARE
443253	Cái	Đai truyền chuyển động trục Z
443255	Gói	SET OF 8 1ML O RING HAM VPRLT SPARE
443257	Cái	Motor/ Động cơ ép
443262	Cái	GREASE AND OIL KIT HAMILTON VPRLT SPARE
443263	Cái	GRIPPER FEA SPARE
443375	Cái	PROBE ALIGNMENT TOOL FEA SPARE
443384	Bộ	Cảm biến chốt cửa máy FX40
443386	Hộp	BLOWER CROSSFLOW ASSY FX40 SPARE
443503	Cái	Bộ nguồn
443569	Cái	FILTER PANEL GEN 4 PHX50 SPARE
443624	Cái	BD Phoenix M50
443625	Bộ	Phoenix M50 Starer Kit
443682	Cái	XY CONTROLLER ASSY WIN MAX6 SPARE
443684	Cái	Bo mạch điều khiển bộ phận chiết tách mẫu PCB 2X MTR CNTRL MAG DRV WIN MAX6 SPARE
443687	Cái	BENDER BOARD WIN MAX6 SPARE
443688	Cái	HEATER MUX ASSY WIN MAX6 SPARE
443691	Cái	Bo mạch điều khiển đầu đọc B - PCB 2X MTR CNTRL RDR RT WIN MAX6 SPARE
443693	Cái	PCB ASSEMBLY MUX WIN VER MAX6 SPARE
443694	Cái	LIFTING HANDLES SET OF 4 SPARE
443704	Hộp	ENCODER CENTRIFUGE HETTICH SPARE
443709	Cái	KIT PMI VIPER LT
443747	Gói	Key Card for the BD Viper LT System
443806	Hộp	BD MAX STR
443812	Hộp	Kit BD Max ETX Enteric Bacterial Panel
443831	Cái	SERVO MOTOR ASSEMBLY PHX50 SPARE
443843	Cái	POWER ENTRY PANEL ASSEMBLY PHX50 SPARE
443845	Cái	Máy đọc mã vạch
443846	Cái	Bộ điều khiển và chia nguồn máy Phoenix M50
443848	Bộ	Light Source Board Kit PHX50 Spare Bộ điều khiển nguồn sáng cho máy Phoenix M50
443850	Bộ	TIER MICRO BOARD KIT PHX500 SPARE Bộ  tier máy Phoenix M50
443853	Bộ	INCUBATION ASSEMBLY PHX50 SPARE
443855	Cái	Dây curoa
443856	Bộ	Bộ mô tơ và dây máy Phoenix M50
443859	Cái	KIT TOOLS FIELD PHX50
443878	Hộp	Kit BD MAX MDR-TB
443910	Bộ	Bộ phụ kiện giá đỡ lắp máy PHX50
444004	Hộp	SPRING TORSION MODIFIED FEA SPARE
444042	Cái	Direct to Slide 1 Slide Holder
444048	Hộp	BD MAX Qualification Kit
444510	Cái	Mạch phân phối công suất
444513	Cái	Motor trục Y
444531	Bộ	Rack máy FX, code cũ: 441170
444568	Bộ	AC MOTOR MODI GEN2 MGIT 960 SPARE
444575	Gói	Windows 10 license Spare
444876	Cái	SHORTING PCB ASSY BFX SPARE (Set of 10)
444894	Cái	TRIPLE SUPPLY MODULE 960 SPARE
445331	Cái	POWER SUPPLY FX40 SPARE
445332	Cái	NYOGEL 760G 30CC SYRINGE BFX SPARE
445333	Cái	DISPENSING TIPS BFX SPARE
445871	Hộp	BACTEC MGIT 960 Calibration Vial
445872	Hộp	Temp Qc Device Mgit Instrument Thiết bị đo chuẩn nhiệt
445999	Hộp	Kit Cablirator Mgit960 51 Pk
447157	Cái	Phoenix Normalizer Panel
448007	Thẻ	Phoenix NID
448008	Thẻ	Phoenix PID
448316	Thẻ	Phoenix YEAST ID
448420	Thẻ	Phoenix PMIC-84 (Thẻ kháng sinh đồ vi khuẩn gram dương)
448614	Thẻ	Phoenix PMIC/ID-95 (Thẻ định danh và kháng sinh đồ gram dương)
448851	Thẻ	Phoenix SMIC/ID-2
448911	Thẻ	Phoenix PMIC/ID-55
448984	Hộp	Panel Phoenix Temperature
449023	Thẻ	Phoenix NMIC/ID-500
449027	Thẻ	Phoenix NMIC/ID-504
449527	Thẻ	Panel Phoenix NMIC 486
4619PG	Cái	Bơm tiêm khí máu động mạch tráng sẵn heparin, Pro-vent Plus, 1CC (25G)
4629PG	Cái	Bơm tiêm khí máu động mạch tráng sẵn heparin, Pro-vent Plus, 1CC (23G)
490518	Bộ	Buffered Tris
490795	Gói	Z-MAX GAUGE
491266	Thùng	SurePath Manual Method Kit
491332	Chai	Density Reagent
491364	Gói	TIP CENTERING TOOL TOTALYS SLIDEPREP
491452	Khay	SurePath Collection Vial Kit 500 (10 mL)
491453	Thùng	Totalys MultiProcessor Consumables Kit
491456	Thùng	Totalys SlidePrep Consumables Kit
491457	Chai	Bottle Alcohol Blend Rinse 1700ml CE M
50-7050	Cái	PleurX Pleural Catheter Mini Kit
50-7280A	Cái	CATHETER ACCESS KIT
50-9050A	Cái	PleurX Peritoneal Catheter Mini Kit
5051	Cái	Bucket (giỏ treo)
5053	Cái	Nắp an toàn sinh học
5327-02	Chai	Xà phòng rửa tay diệt khuẩn Gojo 1200ml tự động
5476-04	Chai	Gel rửa tay diệt khuẩn PURELL TFX 1200ml
550475	Lọ	Annexin V Recom APC 200Tst
550616	Lọ	Ms IgG1Kpa ItCI FITC MOPC-31C 250ug
550617	Lọ	Ms IgG1Kpa ItCl PE MOPC-31C 100ug
550633	Lọ	BD Pharmingen™ PE Mouse Anti-Human CD183
550825	Lọ	PI/RNase Staining Buffer Solution 100mL
550956	Lọ	Hu CD36 APC CB38 (NL07) 100Tst
550989	Lọ	Hu CD44 PE 515 100 Tst
551108	Lọ	Hu CD81 FITC JS-81 100 Tst
5513E	Cái	SURGICAL CLIPPER
5514E	Cái	SURGICAL CLIPPER CHARGER
551775	Lọ	Hu CD66c FITC B6.2/CD66c 100Tst
552843	Bộ	Ms Ig Kpa Comp Bead Set 6mL
553373	Lọ	Ms CD31 PE MEC 13.3 200ug
553943	Lọ	Rat IgM Kpa ItCl PE R4-22 100ug
554656	Chai	Stain Buffer FBS 500mL
554657	Chai	Stain Buffer BSA 500mL
555349	Lọ	Hu CD4 APC RPA-T4 100Tst
555372	Lọ	Hu CD9 PE M-L13 100Tst
555398	Lọ	Hu CD14 PE M5E2 100Tst
555403	Lọ	BD Pharmingen™ Purified NA/LE Mouse Anti-Human CD16
555445	Lọ	Hu CD31 FITC WM59 100Tst
555455	Lọ	Hu CD36 PE CB38 (NL07) 100Tst
555492	Lọ	BD Pharmingen™ FITC Mouse Anti-Human CD45RO
555513	Lọ	BD Pharmingen™ Purified NA/LE Mouse Anti-Human CD56 (NCAM-1)
555595	Lọ	Hu CD90 FITC 5E10 100ug
555688	Lọ	Hu CD99 FITC TU12 100 Test
555749	Lọ	Ms IgG1Kpa ItCI PE MOPC-21 100Tst
555786	Lọ	Hu IgG FITC G18-145 100 Test
555812	Lọ	Hu HLA-DR PE L243 (G46-6) 100 Tst
555899	Chai	Lysing Buffer 10X Concentrate 100mL
555920	Lọ	Hu CD58 FITC 1C3 100Tst
556020	Lọ	Hu CD63 PE H5C6 100 Tst
556291	Lọ	Rainbow beads - Service Tool
556547	Lọ	Annexin V FITC Apop Dtec Kit I 100Tst
556577	Hộp	Hu Perforin FITC Set dG9 100 Test
557454	Lọ	Hu CD13 APC WM15 100 Test
557697	Lọ	Hu CD19 Alexa 488 HIB19 100Tst
557885	Lọ	Phosflow Perm/Wash Buffer I 125mL
558592	Lọ	Hu CD64 PE 10.1 100 Tst
559925	Lọ	BD 7-AAD Staining Solution 2mL
560237	Lọ	SSEA-3 PE MC-631 100Tst
560365	Lọ	Hu CD3 Horizon V450 UCHT1 120Tst
560619	Lọ	BD Pharmingen™ APC Mouse Anti-Human CD196 (CCR6)
560839	Lọ	Hu CD105 PE 266 100Tst
560842	Lọ	Hu CD56 (NCAM-1) PerCP-y5.5 B159 50Tst
560952	Lọ	Hu IgG FITC G18-145 25Tst
561254	Lọ	Hu CD73 FITC AD2 100Tst
561326	Lọ	Hu CD9 Horizon V450 M-L13
561982	Lọ	Hu CD63 PE-Cy7 H5C6 50Tst
562125	Lọ	Hu CD200 PE-Cy7 MRC OX-104 50Tst
562245	Hộp	Hu Mesenchymal SC Analysis Kit
562781	Lọ	BD Pharmingen™ PerCP-Cy™5.5 Rat Anti-Human CXCR5 (CD185)
563423	Lọ	Hu CD3 PE-Cy7 UHCT1 100Tst
563671	Lọ	Hu CD71 APC-H7 M-A712 100 Tst
564219	Lọ	Hu BD Fc Block Pure Fc1 50 ug
564220	Lọ	Hu BD Fc Block Pure Fc1 250 ug
565125	Lọ	Hu COX-2 PE AS67 50Tst
59-10092-02	Cái	Long đen thép 1/8 máy Caibur/Canto/Canto II
59-10117-01	Cái	Gioăng đầu nối White máy Count/Calibur
59-10117-02	Cái	Gioăng đầu nối Black máy Count/Calibur
59-10117-03	Cái	Gioăng đầu nối Red máy Count/Calibur
59-10117-04	Cái	Gioăng đầu nối Green máy Count/Calibur
59-10117-05	Cái	Gioăng đầu nối Blue máy Count/Calibur
59-10117-06	Cái	Gioăng đầu nối Orange máy Count/Calibur
59-10119-00S	Cái	Đầu nối dịch máy Calibur
640323	Cái	Bộ dây cảm biến máy Canto II
64050707	Cái	Assy Sample Housing 180 Degree Service
640607	Cái	Van điều áp máy Canto/Canto II
64067207	Cái	FACScanto II Loader Intrlock Defeat Serv
641319	Hộp	BD CST Beads Kit 50 Test
641415	Lọ	CD3 (SK7) AC-H7, 100 Test/Ea
641417	Lọ	CD45 APC-H7 CE
641778	Hộp	BD IntraSure Kit CE-IVD
641841	Cái	Phin lọc hóa chất trong máy Canto\Canto II
641863	Cái	Đầu nối Flowcell máy Lyric/CantoII
641889	Cái	Kit Upgrade FACSCanto II 4-2 TO 4-2-2
641925	Bộ	Bơm P2 máy Lyric
642160	Cái	Đầu nối 1/4 máy Lyric
642275	Lọ	CDR5 V450 2D1 100 Tests RUO/GMP
642805	Cái	PMT Socket Assembly Dp-Type
642917	Lọ	CD15 V450 NISA 100 Tests RUO/GMP
644254	Bộ	Manifold máy Canto/Canto II
644385	Lọ	CD64 PE 10.1 50 Test RUO/GMP
64455707	Bộ	Universal Microscope Assembly Service
644611	Hộp	BD Multitest 6-Color TBNK
64635277	Bộ	PCB Assembly Universal Auto Loader SVC
647951	Cái	Cap ASSY Waste Sensor w/Electronics
649760	Cái	Kèm 3 cái phao quả lọc
649761	Cái	Chưa biết tên hàng
650781	Cái	Power Module AC-DC 250W 12/24V M3S4S6
651165	Cái	FACSLyric 2L6C Instrument
651351	Cái	Chưa biết tên hàng
651352	Bộ	UAL CALIBRA  TION PLATE ASSEMBLY
651451	Cái	Quả lọc Sheath
651849	Lọ	CD4 V450 (SK3) RUO
652468	Cái	Peeksil Tubing Bevel Cut
652531	Cái	Filter Element Sheath Tank
652786	Bộ	Bộ bảo dưỡng cho máy FACS Lyric
653144	Bộ	Beads SPHEROTECH 8 Peak Validation 4mL
653145	Bộ	Beads SPHEROTECH 6 Peak Validation 4mL
653311	Lọ	CD7 APC (M-T701) RUO
655050	Hộp	BD FACSDlva CS&T Research Beads Kit 50T
655406	Lọ	CD200 APC (MRC OX-104) RUO
655407	Lọ	CD43 APC -H7 (1G10) RUO
655872	Lọ	CD20 V450 CE
655873	Lọ	CD45 V500-C CE
655874	Lọ	Anti-HLA DR V450 CE
656046	Hộp	CS&T IVD Beads 50 Test
656151	Lọ	CD36 FITC CLB-IVC7 RUO
656504	Hộp	BD® CS&T Beads
656643	Lọ	CD27 PerCP-C y5.5  (L128) RUO
656646	Lọ	CD38 APC-H7 (HB7) RUO
656647	Lọ	CD81 APC-H7 (JS-81) RUO
656648	Lọ	Anti-Lambda APC-H7 RUO
656777	Cái	BD Violet Direct Diode Laser
656867	Hộp	Kit FC Beads 7 Color CE/IVD
657681	Hộp	FACSPresto Cartridge
657954	Bộ	Retrofit Kit Transducer
658171	Lọ	CD123 APC (9F5) RUO
658331	Hộp	CD24 APC-H7 (ML5) RUO
658619	Hộp	OneFlow LST
658621	Hộp	8 Color Kit FC Beads
659293	Hộp	BD OneFlow B-CLPD T1
659912	Hộp	BD OneFlow PCST
659913	Hộp	BD OneFlow PCD
660228	Hộp	BD OneFlow ALOT
660322	Bộ	Filter máy Accuri C6 Plus/Via - PM KIT
660584	Lọ	BD Sheath Additive
660585	Lọ	BD Detergent Solution Concentrate
660586	Bộ	BD Extended Flow Cell Clean Solution
660634	Hộp	PM Kit Flow Cytometer 2 Month
661331	Hộp	PM Kit Flow Cytometer 1 Year
661414	Hộp	CS&T RUO Beads 50 Test
661564	Hộp	Kit FC Beads 5-Color CE/IVD
661744	Hộp	Filter Quick CONN FEM FEM 0.2um PPL
66222707	Cái	Sample Line Assy FACSMelody Service
662413	Hộp	BD™ CS&T IVD Beads
663689	Cái	Meter Laser Power Kit
664859	Bộ	Bộ bảo trì máy Canto, code cũ: 65969407
665421	Bộ	Software Kit FACSDiva v9.2.1 IVD
665788	Bộ	FACSLyric PM Kit
666570	Bộ	Computer Bundle Z2 SFF G9 Canto II
667231	Cái	Computer Bundle Z2SFFG9 Lyric ROW
70000998	Chai	Mikrozid Universal liquid 1L
70003119	Can	thermosept® X·tra enzymatic cleaner
70003135	Chai	Mikrozid sensitive liquid 1L
70003408	Can	GIGAZYME 5L
70003411	Can	GYGAZYME X-tra 5L
762165	Cái	PAXgene® Blood RNA Tube
8290190	Lọ	IVD Bacterial Test Standard
8290200	Lọ	IVD Matrix HCCA-portioned
8703-04	Chai	Gel rửa tay diệt khuẩn PURELL ADX 700ml
8720-06	Cái	Bình đựng gel rửa tay diệt khuẩn PURELL 700ml
8780-06	Cái	Bình đựng Xà phòng rửa tay Gojo ADX 700ml
8803-03	Chai	Gel rửa tay diệt khuẩn Purell ADX 1200ml
8820-06	Cái	Bình đựng gel rửa tay diệt khuẩn PURELL ADX 1200ml
8880-06	Cái	Bình đựng xà phòng rửa tay diệt khuẩn GOJO ADX 1250ml
98-10248-00S	Cái	Digital Multi Meter 3-1/2 Digit
99-30095-01	Cái	Gel Optical
CHI1815	Cái	CHIBA NEEDLE 18G x 15CM 10/CS
CHI2215	Cái	CHIBA NEEDLE 22G x 15CM 10/CS
CYT-INF-D	Cái	Infinicyt with Dongle+5DB
CYT-INF-EFDB-20	Bộ	EuroFlow™ Database Accesses (1 pack of 20 accesses)
CYT-MM-MRD8-R	Bộ	Multiple Myeloma Minimal Residual Disease
CYT-PIDOT8-R	Hộp	PIDOT Primary Immunodeficiency Orientation Tube
DIN1515X	Cái	ILLINOIS NEEDLE BONE MARROW 15G ADJ LEN
DIN1518X	Cái	ILLINOIS NEEDLE BONE MARROW 18G ADJ LEN
DJ4011X	Cái	JAMSHIDI NEEDLE BONE MARROW 11GX4 ASP
DJ6011X	Cái	JAMSHIDI NEEDLE BONE MARROW 11GX6 ASP
DL2301	Can	Clinicare Alcohol Free Disinfectant 5L
DL2303	Chai	Clinicare Alcohol Free Disinfectant Trigger Spray
DL2345	Hộp	Clinicare Alcohol Free Disinfectant 220 Toweletles
DL2901	Can	Clinicare Disinfectant 5L
DL2945	Hộp	Clinicare Ultra Disinfectant 220 Towelettes
E6005-5G	Lọ	Hóa chất Ethionamide
HL-90-INT-230	Cái	HOTLINE® Fluid Warmer
L-70NI	Cái	HOTLINE® Fluid Warming Set
L1-CART	Cái	Level 1® Convective Cart
L1-CLAMP	Cái	Level 1® Convective Warmer IV Pole Clamp
L1-CW-220V	Cái	Level 1® Convective Warmer
L1-HOSE	Cái	Level 1® Convective Warmer Hose
L1-SHELF	Cái	Level 1® Convective Warmer Shelf
TIN3015	Cái	ILLINOIS (TJ) NEEDLE ASPIRATION 15GA
TIN3018	Cái	ILLINOIS (TJ) NEEDLE ASPIRATION 18GA
TJC3513	Cái	JAMSHIDI(TJ) NEEDLE BONE MARROW 13GX3.5
TJC4011	Cái	JAMSHIDI(TJ) NEEDLE BONE MARROW 11GX4
TJM3513	Cái	JAMSHIDI(TJ) NEEDLE BONE MARROW 13GX3.5 ASP MAC
TJM4011	Cái	JAMSHIDI(TJ) NEEDLE BONE MARROW 11GX3.5 ASP MAC
TJM6011	Cái	JAMSHIDI(TJ) NEEDLE BONE MARROW 11GX6 ASP MAC